displacement,horsepowerOrig,horsepowerPredict
360,175,180.53933874710663
200,85,100.29963263728146
351,152,176.02585527842896
90,70,45.134834686776657
318,150,159.4764158932775
350,145,175.52435711524254
105,74,52.657307134572761
91,67,45.636332849963061
262,85,131.3925187548387
